--
-- PostgreSQL database dump
--

-- Dumped from database version 17.2 (Debian 17.2-1.pgdg120+1)
-- Dumped by pg_dump version 17.2 (Debian 17.2-1.pgdg120+1)

SET statement_timeout = 0;
SET lock_timeout = 0;
SET idle_in_transaction_session_timeout = 0;
SET transaction_timeout = 0;
SET client_encoding = 'UTF8';
SET standard_conforming_strings = on;
SELECT pg_catalog.set_config('search_path', '', false);
SET check_function_bodies = false;
SET xmloption = content;
SET client_min_messages = warning;
SET row_security = off;

SET default_tablespace = '';

SET default_table_access_method = heap;

--
-- Name: auth_group; Type: TABLE; Schema: public; Owner: postgres
--

CREATE TABLE public.auth_group (
    id integer NOT NULL,
    name character varying(150) NOT NULL
);


ALTER TABLE public.auth_group OWNER TO postgres;

--
-- Name: auth_group_id_seq; Type: SEQUENCE; Schema: public; Owner: postgres
--

ALTER TABLE public.auth_group ALTER COLUMN id ADD GENERATED BY DEFAULT AS IDENTITY (
    SEQUENCE NAME public.auth_group_id_seq
    START WITH 1
    INCREMENT BY 1
    NO MINVALUE
    NO MAXVALUE
    CACHE 1
);


--
-- Name: auth_group_permissions; Type: TABLE; Schema: public; Owner: postgres
--

CREATE TABLE public.auth_group_permissions (
    id bigint NOT NULL,
    group_id integer NOT NULL,
    permission_id integer NOT NULL
);


ALTER TABLE public.auth_group_permissions OWNER TO postgres;

--
-- Name: auth_group_permissions_id_seq; Type: SEQUENCE; Schema: public; Owner: postgres
--

ALTER TABLE public.auth_group_permissions ALTER COLUMN id ADD GENERATED BY DEFAULT AS IDENTITY (
    SEQUENCE NAME public.auth_group_permissions_id_seq
    START WITH 1
    INCREMENT BY 1
    NO MINVALUE
    NO MAXVALUE
    CACHE 1
);


--
-- Name: auth_permission; Type: TABLE; Schema: public; Owner: postgres
--

CREATE TABLE public.auth_permission (
    id integer NOT NULL,
    name character varying(255) NOT NULL,
    content_type_id integer NOT NULL,
    codename character varying(100) NOT NULL
);


ALTER TABLE public.auth_permission OWNER TO postgres;

--
-- Name: auth_permission_id_seq; Type: SEQUENCE; Schema: public; Owner: postgres
--

ALTER TABLE public.auth_permission ALTER COLUMN id ADD GENERATED BY DEFAULT AS IDENTITY (
    SEQUENCE NAME public.auth_permission_id_seq
    START WITH 1
    INCREMENT BY 1
    NO MINVALUE
    NO MAXVALUE
    CACHE 1
);


--
-- Name: auth_user; Type: TABLE; Schema: public; Owner: postgres
--

CREATE TABLE public.auth_user (
    id integer NOT NULL,
    password character varying(128) NOT NULL,
    last_login timestamp with time zone,
    is_superuser boolean NOT NULL,
    username character varying(150) NOT NULL,
    first_name character varying(150) NOT NULL,
    last_name character varying(150) NOT NULL,
    email character varying(254) NOT NULL,
    is_staff boolean NOT NULL,
    is_active boolean NOT NULL,
    date_joined timestamp with time zone NOT NULL
);


ALTER TABLE public.auth_user OWNER TO postgres;

--
-- Name: auth_user_groups; Type: TABLE; Schema: public; Owner: postgres
--

CREATE TABLE public.auth_user_groups (
    id bigint NOT NULL,
    user_id integer NOT NULL,
    group_id integer NOT NULL
);


ALTER TABLE public.auth_user_groups OWNER TO postgres;

--
-- Name: auth_user_groups_id_seq; Type: SEQUENCE; Schema: public; Owner: postgres
--

ALTER TABLE public.auth_user_groups ALTER COLUMN id ADD GENERATED BY DEFAULT AS IDENTITY (
    SEQUENCE NAME public.auth_user_groups_id_seq
    START WITH 1
    INCREMENT BY 1
    NO MINVALUE
    NO MAXVALUE
    CACHE 1
);


--
-- Name: auth_user_id_seq; Type: SEQUENCE; Schema: public; Owner: postgres
--

ALTER TABLE public.auth_user ALTER COLUMN id ADD GENERATED BY DEFAULT AS IDENTITY (
    SEQUENCE NAME public.auth_user_id_seq
    START WITH 1
    INCREMENT BY 1
    NO MINVALUE
    NO MAXVALUE
    CACHE 1
);


--
-- Name: auth_user_user_permissions; Type: TABLE; Schema: public; Owner: postgres
--

CREATE TABLE public.auth_user_user_permissions (
    id bigint NOT NULL,
    user_id integer NOT NULL,
    permission_id integer NOT NULL
);


ALTER TABLE public.auth_user_user_permissions OWNER TO postgres;

--
-- Name: auth_user_user_permissions_id_seq; Type: SEQUENCE; Schema: public; Owner: postgres
--

ALTER TABLE public.auth_user_user_permissions ALTER COLUMN id ADD GENERATED BY DEFAULT AS IDENTITY (
    SEQUENCE NAME public.auth_user_user_permissions_id_seq
    START WITH 1
    INCREMENT BY 1
    NO MINVALUE
    NO MAXVALUE
    CACHE 1
);


--
-- Name: django_admin_log; Type: TABLE; Schema: public; Owner: postgres
--

CREATE TABLE public.django_admin_log (
    id integer NOT NULL,
    action_time timestamp with time zone NOT NULL,
    object_id text,
    object_repr character varying(200) NOT NULL,
    action_flag smallint NOT NULL,
    change_message text NOT NULL,
    content_type_id integer,
    user_id integer NOT NULL,
    CONSTRAINT django_admin_log_action_flag_check CHECK ((action_flag >= 0))
);


ALTER TABLE public.django_admin_log OWNER TO postgres;

--
-- Name: django_admin_log_id_seq; Type: SEQUENCE; Schema: public; Owner: postgres
--

ALTER TABLE public.django_admin_log ALTER COLUMN id ADD GENERATED BY DEFAULT AS IDENTITY (
    SEQUENCE NAME public.django_admin_log_id_seq
    START WITH 1
    INCREMENT BY 1
    NO MINVALUE
    NO MAXVALUE
    CACHE 1
);


--
-- Name: django_content_type; Type: TABLE; Schema: public; Owner: postgres
--

CREATE TABLE public.django_content_type (
    id integer NOT NULL,
    app_label character varying(100) NOT NULL,
    model character varying(100) NOT NULL
);


ALTER TABLE public.django_content_type OWNER TO postgres;

--
-- Name: django_content_type_id_seq; Type: SEQUENCE; Schema: public; Owner: postgres
--

ALTER TABLE public.django_content_type ALTER COLUMN id ADD GENERATED BY DEFAULT AS IDENTITY (
    SEQUENCE NAME public.django_content_type_id_seq
    START WITH 1
    INCREMENT BY 1
    NO MINVALUE
    NO MAXVALUE
    CACHE 1
);


--
-- Name: django_migrations; Type: TABLE; Schema: public; Owner: postgres
--

CREATE TABLE public.django_migrations (
    id bigint NOT NULL,
    app character varying(255) NOT NULL,
    name character varying(255) NOT NULL,
    applied timestamp with time zone NOT NULL
);


ALTER TABLE public.django_migrations OWNER TO postgres;

--
-- Name: django_migrations_id_seq; Type: SEQUENCE; Schema: public; Owner: postgres
--

ALTER TABLE public.django_migrations ALTER COLUMN id ADD GENERATED BY DEFAULT AS IDENTITY (
    SEQUENCE NAME public.django_migrations_id_seq
    START WITH 1
    INCREMENT BY 1
    NO MINVALUE
    NO MAXVALUE
    CACHE 1
);


--
-- Name: django_session; Type: TABLE; Schema: public; Owner: postgres
--

CREATE TABLE public.django_session (
    session_key character varying(40) NOT NULL,
    session_data text NOT NULL,
    expire_date timestamp with time zone NOT NULL
);


ALTER TABLE public.django_session OWNER TO postgres;

--
-- Name: main_app_disease; Type: TABLE; Schema: public; Owner: postgres
--

CREATE TABLE public.main_app_disease (
    id bigint NOT NULL,
    title character varying(200) NOT NULL,
    slug character varying(200) NOT NULL,
    description text NOT NULL,
    image character varying(100),
    created_at timestamp with time zone NOT NULL
);


ALTER TABLE public.main_app_disease OWNER TO postgres;

--
-- Name: main_app_disease_id_seq; Type: SEQUENCE; Schema: public; Owner: postgres
--

ALTER TABLE public.main_app_disease ALTER COLUMN id ADD GENERATED BY DEFAULT AS IDENTITY (
    SEQUENCE NAME public.main_app_disease_id_seq
    START WITH 1
    INCREMENT BY 1
    NO MINVALUE
    NO MAXVALUE
    CACHE 1
);


--
-- Name: taggit_tag; Type: TABLE; Schema: public; Owner: postgres
--

CREATE TABLE public.taggit_tag (
    id integer NOT NULL,
    name character varying(100) NOT NULL,
    slug character varying(100) NOT NULL
);


ALTER TABLE public.taggit_tag OWNER TO postgres;

--
-- Name: taggit_tag_id_seq; Type: SEQUENCE; Schema: public; Owner: postgres
--

ALTER TABLE public.taggit_tag ALTER COLUMN id ADD GENERATED BY DEFAULT AS IDENTITY (
    SEQUENCE NAME public.taggit_tag_id_seq
    START WITH 1
    INCREMENT BY 1
    NO MINVALUE
    NO MAXVALUE
    CACHE 1
);


--
-- Name: taggit_taggeditem; Type: TABLE; Schema: public; Owner: postgres
--

CREATE TABLE public.taggit_taggeditem (
    id integer NOT NULL,
    object_id integer NOT NULL,
    content_type_id integer NOT NULL,
    tag_id integer NOT NULL
);


ALTER TABLE public.taggit_taggeditem OWNER TO postgres;

--
-- Name: taggit_taggeditem_id_seq; Type: SEQUENCE; Schema: public; Owner: postgres
--

ALTER TABLE public.taggit_taggeditem ALTER COLUMN id ADD GENERATED BY DEFAULT AS IDENTITY (
    SEQUENCE NAME public.taggit_taggeditem_id_seq
    START WITH 1
    INCREMENT BY 1
    NO MINVALUE
    NO MAXVALUE
    CACHE 1
);


--
-- Data for Name: auth_group; Type: TABLE DATA; Schema: public; Owner: postgres
--

COPY public.auth_group (id, name) FROM stdin;
\.


--
-- Data for Name: auth_group_permissions; Type: TABLE DATA; Schema: public; Owner: postgres
--

COPY public.auth_group_permissions (id, group_id, permission_id) FROM stdin;
\.


--
-- Data for Name: auth_permission; Type: TABLE DATA; Schema: public; Owner: postgres
--

COPY public.auth_permission (id, name, content_type_id, codename) FROM stdin;
1	Can add log entry	1	add_logentry
2	Can change log entry	1	change_logentry
3	Can delete log entry	1	delete_logentry
4	Can view log entry	1	view_logentry
5	Can add permission	2	add_permission
6	Can change permission	2	change_permission
7	Can delete permission	2	delete_permission
8	Can view permission	2	view_permission
9	Can add group	3	add_group
10	Can change group	3	change_group
11	Can delete group	3	delete_group
12	Can view group	3	view_group
13	Can add user	4	add_user
14	Can change user	4	change_user
15	Can delete user	4	delete_user
16	Can view user	4	view_user
17	Can add content type	5	add_contenttype
18	Can change content type	5	change_contenttype
19	Can delete content type	5	delete_contenttype
20	Can view content type	5	view_contenttype
21	Can add session	6	add_session
22	Can change session	6	change_session
23	Can delete session	6	delete_session
24	Can view session	6	view_session
25	Can add tag	7	add_tag
26	Can change tag	7	change_tag
27	Can delete tag	7	delete_tag
28	Can view tag	7	view_tag
29	Can add tagged item	8	add_taggeditem
30	Can change tagged item	8	change_taggeditem
31	Can delete tagged item	8	delete_taggeditem
32	Can view tagged item	8	view_taggeditem
33	Can add disease	9	add_disease
34	Can change disease	9	change_disease
35	Can delete disease	9	delete_disease
36	Can view disease	9	view_disease
\.


--
-- Data for Name: auth_user; Type: TABLE DATA; Schema: public; Owner: postgres
--

COPY public.auth_user (id, password, last_login, is_superuser, username, first_name, last_name, email, is_staff, is_active, date_joined) FROM stdin;
1	pbkdf2_sha256$870000$sG2lmpLIQSUOufjWDViO6Y$UINX0Z4IhBcj8rZ4Fdh4NWH473MuO9szl4OZp5dubDY=	2025-02-11 08:46:13.063921+00	t	nikkos			kosenkov.n.p@mail.ru	t	t	2025-02-11 08:45:32.721331+00
\.


--
-- Data for Name: auth_user_groups; Type: TABLE DATA; Schema: public; Owner: postgres
--

COPY public.auth_user_groups (id, user_id, group_id) FROM stdin;
\.


--
-- Data for Name: auth_user_user_permissions; Type: TABLE DATA; Schema: public; Owner: postgres
--

COPY public.auth_user_user_permissions (id, user_id, permission_id) FROM stdin;
\.


--
-- Data for Name: django_admin_log; Type: TABLE DATA; Schema: public; Owner: postgres
--

COPY public.django_admin_log (id, action_time, object_id, object_repr, action_flag, change_message, content_type_id, user_id) FROM stdin;
1	2025-02-11 09:51:13.324075+00	1	melanoma	1	[{"added": {}}]	9	1
2	2025-02-11 12:22:17.408849+00	3	Бледность	1	[{"added": {}}]	7	1
3	2025-02-11 12:22:30.804441+00	4	Покраснение	1	[{"added": {}}]	7	1
4	2025-02-11 12:22:41.118175+00	5	Пятна	1	[{"added": {}}]	7	1
5	2025-02-11 12:22:53.432884+00	6	Сыпь	1	[{"added": {}}]	7	1
6	2025-02-11 12:23:03.755623+00	7	Зуд	1	[{"added": {}}]	7	1
7	2025-02-11 12:23:12.725962+00	8	Желтизна	1	[{"added": {}}]	7	1
8	2025-02-11 12:23:21.382901+00	9	Прыщи	1	[{"added": {}}]	7	1
9	2025-02-11 12:23:29.437672+00	10	Боль	1	[{"added": {}}]	7	1
10	2025-02-11 12:23:39.129481+00	11	Шелушение	1	[{"added": {}}]	7	1
11	2025-02-11 13:10:37.459837+00	1	qwert	3		7	1
12	2025-02-11 13:10:37.459898+00	2	qwerty	3		7	1
13	2025-02-11 13:40:45.227868+00	12	Язвы	1	[{"added": {}}]	7	1
14	2025-02-11 17:38:23.662952+00	1	melanoma	2	[{"changed": {"fields": ["Tags"]}}]	9	1
15	2025-02-12 13:41:06.128464+00	2	Акне	3		9	1
16	2025-02-12 13:59:42.956639+00	4	Акне	2	[{"changed": {"fields": ["Image"]}}]	9	1
17	2025-02-12 14:10:49.92009+00	4	Акне	2	[{"changed": {"fields": ["Image"]}}]	9	1
18	2025-02-12 14:11:24.081639+00	4	Акне	2	[{"changed": {"fields": ["Image"]}}]	9	1
19	2025-02-12 14:11:52.07645+00	4	Акне	2	[{"changed": {"fields": ["Image"]}}]	9	1
20	2025-02-12 14:12:09.870047+00	1	melanoma	3		9	1
21	2025-02-12 14:13:23.810708+00	27	Рубромикоз	2	[{"changed": {"fields": ["Image"]}}]	9	1
22	2025-02-12 14:16:39.056427+00	26	Папилломы	2	[{"changed": {"fields": ["Image"]}}]	9	1
23	2025-02-12 14:18:51.202046+00	10	Ихтиоз	2	[{"changed": {"fields": ["Image"]}}]	9	1
24	2025-02-12 14:21:06.838372+00	9	Лишай	2	[{"changed": {"fields": ["Image", "Tags"]}}]	9	1
25	2025-02-12 14:23:13.083184+00	8	Атопический дерматит	2	[{"changed": {"fields": ["Image"]}}]	9	1
26	2025-02-12 14:24:46.238016+00	7	Псориаз	2	[{"changed": {"fields": ["Image"]}}]	9	1
27	2025-02-12 14:28:24.081007+00	6	Герпес	2	[{"changed": {"fields": ["Image"]}}]	9	1
28	2025-02-12 14:32:45.593673+00	5	Крапивница	2	[{"changed": {"fields": ["Image"]}}]	9	1
29	2025-02-12 14:33:27.3618+00	4	Акне	2	[{"changed": {"fields": ["Image"]}}]	9	1
30	2025-02-12 14:34:27.309035+00	27	Рубромикоз	2	[{"changed": {"fields": ["Tags"]}}]	9	1
31	2025-02-13 16:53:15.744424+00	12	Сухость	2	[{"changed": {"fields": ["Name", "Slug"]}}]	7	1
32	2025-02-13 17:29:37.172982+00	10	Ихтиоз	2	[{"changed": {"fields": ["Tags"]}}]	9	1
33	2025-02-13 17:30:10.932732+00	10	Ихтиоз	2	[{"changed": {"fields": ["Tags"]}}]	9	1
34	2025-02-13 17:55:33.456638+00	38	Лимфедема	3		9	1
35	2025-02-13 17:56:35.64035+00	37	Эритромелалгия	2	[{"changed": {"fields": ["Image"]}}]	9	1
36	2025-02-13 17:57:10.566911+00	36	Склеродермия	2	[{"changed": {"fields": ["Image"]}}]	9	1
37	2025-02-13 17:58:39.820099+00	35	Желтуха (кожные проявления)	2	[{"changed": {"fields": ["Image"]}}]	9	1
38	2025-02-13 17:59:37.943426+00	34	Дерматомикоз (грибковая инфекция)	2	[{"changed": {"fields": ["Image"]}}]	9	1
39	2025-02-13 18:01:04.802179+00	33	Импетиго	2	[{"changed": {"fields": ["Image"]}}]	9	1
40	2025-02-13 18:02:00.053895+00	32	Экзема	2	[{"changed": {"fields": ["Image"]}}]	9	1
41	2025-02-13 18:03:14.873023+00	31	Эритема	2	[{"changed": {"fields": ["Image"]}}]	9	1
42	2025-02-13 18:04:35.925432+00	30	Витилиго	2	[{"changed": {"fields": ["Image"]}}]	9	1
43	2025-02-13 18:05:20.283357+00	29	Розацеа	2	[{"changed": {"fields": ["Image"]}}]	9	1
44	2025-02-13 18:06:29.449945+00	28	Контактный дерматит	2	[{"changed": {"fields": ["Image"]}}]	9	1
45	2025-02-13 18:37:11.613652+00	39	Бородавки	2	[{"changed": {"fields": ["Image"]}}]	9	1
46	2025-02-13 18:39:50.267723+00	40	Чесотка	2	[{"changed": {"fields": ["Image"]}}]	9	1
47	2025-02-13 18:40:55.017055+00	41	Кератоз	2	[{"changed": {"fields": ["Image"]}}]	9	1
48	2025-02-13 18:41:35.608952+00	42	Фурункулез	2	[{"changed": {"fields": ["Image"]}}]	9	1
49	2025-02-13 20:11:19.217757+00	43	Каротинемия	2	[{"changed": {"fields": ["Image"]}}]	9	1
50	2025-02-13 20:12:33.801287+00	44	Фолликулит	2	[{"changed": {"fields": ["Image"]}}]	9	1
\.


--
-- Data for Name: django_content_type; Type: TABLE DATA; Schema: public; Owner: postgres
--

COPY public.django_content_type (id, app_label, model) FROM stdin;
1	admin	logentry
2	auth	permission
3	auth	group
4	auth	user
5	contenttypes	contenttype
6	sessions	session
7	taggit	tag
8	taggit	taggeditem
9	main_app	disease
\.


--
-- Data for Name: django_migrations; Type: TABLE DATA; Schema: public; Owner: postgres
--

COPY public.django_migrations (id, app, name, applied) FROM stdin;
1	contenttypes	0001_initial	2025-02-11 08:44:04.316707+00
2	auth	0001_initial	2025-02-11 08:44:04.391186+00
3	admin	0001_initial	2025-02-11 08:44:04.413748+00
4	admin	0002_logentry_remove_auto_add	2025-02-11 08:44:04.422089+00
5	admin	0003_logentry_add_action_flag_choices	2025-02-11 08:44:04.43428+00
6	contenttypes	0002_remove_content_type_name	2025-02-11 08:44:04.459702+00
7	auth	0002_alter_permission_name_max_length	2025-02-11 08:44:04.472797+00
8	auth	0003_alter_user_email_max_length	2025-02-11 08:44:04.487495+00
9	auth	0004_alter_user_username_opts	2025-02-11 08:44:04.499728+00
10	auth	0005_alter_user_last_login_null	2025-02-11 08:44:04.514578+00
11	auth	0006_require_contenttypes_0002	2025-02-11 08:44:04.519343+00
12	auth	0007_alter_validators_add_error_messages	2025-02-11 08:44:04.529396+00
13	auth	0008_alter_user_username_max_length	2025-02-11 08:44:04.548383+00
14	auth	0009_alter_user_last_name_max_length	2025-02-11 08:44:04.562921+00
15	auth	0010_alter_group_name_max_length	2025-02-11 08:44:04.585071+00
16	auth	0011_update_proxy_permissions	2025-02-11 08:44:04.597496+00
17	auth	0012_alter_user_first_name_max_length	2025-02-11 08:44:04.614305+00
18	sessions	0001_initial	2025-02-11 08:44:04.632052+00
19	taggit	0001_initial	2025-02-11 09:44:06.570534+00
20	taggit	0002_auto_20150616_2121	2025-02-11 09:44:06.581731+00
21	taggit	0003_taggeditem_add_unique_index	2025-02-11 09:44:06.59469+00
22	taggit	0004_alter_taggeditem_content_type_alter_taggeditem_tag	2025-02-11 09:44:06.617358+00
23	taggit	0005_auto_20220424_2025	2025-02-11 09:44:06.626967+00
24	taggit	0006_rename_taggeditem_content_type_object_id_taggit_tagg_content_8fc721_idx	2025-02-11 09:44:06.652947+00
25	main_app	0001_initial	2025-02-11 09:44:14.15601+00
26	main_app	0002_alter_disease_image	2025-02-12 13:34:13.328034+00
27	main_app	0003_alter_disease_slug	2025-02-12 13:59:15.856991+00
\.


--
-- Data for Name: django_session; Type: TABLE DATA; Schema: public; Owner: postgres
--

COPY public.django_session (session_key, session_data, expire_date) FROM stdin;
a1q81qu64rq0a3t8wf7rim9qef4ijoon	.eJxVjDEOwyAQBP9CHSGwwRwp0_sNCLgjOIlAMnYV5e_Bkouk2GZ2dt_M-X3Lbm-0ugXZlUl2-WXBxyeVo8CHL_fKYy3bugR-KPxsG58r0ut2un8H2bfc1zoADjYKIcDgKAaU0ihUinQyWifrY8da-UkiKqtBQZATkB2pJyVgny_Gijdg:1thluH:oyj5quhjZxP0TF-b6MXb5JhlH0X_3Nx1dH6CJmyf_nw	2025-02-25 08:46:13.067129+00
\.


--
-- Data for Name: main_app_disease; Type: TABLE DATA; Schema: public; Owner: postgres
--

COPY public.main_app_disease (id, title, slug, description, image, created_at) FROM stdin;
7	Псориаз	псориаз	Псориаз – неприятная кожная болезнь, при которой тело покрывается красными высыпаниями, и они сливаются в пятна. Человека может беспокоить зуд, который не даёт заснуть, а при появлении осложнения в виде артрита могут беспокоить сильные боли в суставах. покраснение, сыпь, шелушение	x8h0ebmu8hhhp0y0jr2p1cwxc2852anm.png	2025-02-12 13:37:44.651632+00
6	Герпес	герпес	Герпес - группа вирусных заболеваний с характерным высыпанием сгруппированных пузырьков на коже и слизистых, вызываемые герпесвирусами. прыщи, зуд, боль, шелушение	shutterstock_1945103314-pic4_zoom-1500x1500-98881.jpg	2025-02-12 13:37:44.600899+00
5	Крапивница	крапивница	Крапивница — это не всегда результат аллергии. Причины уртикарии могут оказаться довольно необычными. Болезнь, характеризующаяся внезапной распространенной сыпью зудящих волдырей, пятнами, покраснением, окруженных зоной гиперемии. Обычно имеет аллергическую природу.	Glavnaya.jpg	2025-02-12 13:37:44.550416+00
4	Акне	акне	Акне (юношеские угри или прыщи) — это воспалительное заболевание сальных желез, в большинстве случаев возникающее у подростков во время полового созревания. Однако это вовсе не означает, что у людей старшего возраста акне не встречается.	jpg_p_12.jpg	2025-02-12 13:37:44.505943+00
10	Ихтиоз	ихтиоз	Ихтиоз — это дерматологическое неинфекционное заболевание, представляющее собой ороговение участков кожи. Специалисты характеризуют его как наследственное. Причина возникновения кроется в генетических мутациях кожных покровов. шелушение, бледность, желизна	kozha-pohozha-na-rybyu-cheshuyu-26_s.jpeg	2025-02-12 13:37:44.810402+00
9	Лишай	лишай	Лишай – группа полиэтиологических кожных заболеваний, характеризующихся появлением сыпи, зуда. Существует несколько разновидностей заболевания, различающихся по виду возбудителя, типу высыпаний, локализации, заразности (экзема - мокнущий лишай; микроспория, фагус, трихофития - стригущий лишай; псориаз - чешуйчатый лишай; розовый лишай - питириаз; опоясывющий лишай). шелушение, прыщи, пятна	584a6b8c6c1b3196853fc61d6153d95d_800xauto-q-85.jpg	2025-02-12 13:37:44.764885+00
8	Атопический дерматит	атопический-дерматит	Атопический дерматит - зуд разной интенсивности и сыпь, покраснение на лице, волосистой части головы, локтевых и коленных сгибах, наружной поверхности голеней, предплечий, туловища, ягодиц, складках кожи, сухость, шелушение	9087a68b505b7f94634d204a32d38e5d.jpg	2025-02-12 13:37:44.721347+00
26	Папилломы	папилломы	Папилломы — это доброкачественные образования, вызванные папилломавирусом человека, специфическим вирусным заболеванием, которое передается половым или бытовым путем от человека к человеку. Симптомы вируса папилломы проявляются на половых органах. Лечение его необходимо, так как последствия могут быть самыми неприятными. прыщи, бледность	papillomy.jpg	2025-02-12 13:40:12.758079+00
28	Контактный дерматит	контактный-дерматит	Дерматит является воспалительной реакцией, спровоцированной воздействием на кожу раздражающих веществ и провоцирующих факторов. Контактный дерматит склонен к хроническому рецидивирующему течению, но при своевременном обращении к дерматологу удается добиться стойкой ремиссии.  Дерматит развивается в результате воздействия на кожные покровы агрессивных и раздражающих веществ: щелочи, бытовая химия, некачественные косметические средства. Причиной дерматита могут быть различные аллергены. Специалисты выделяют две формы болезни: простой и аллергический контактный дерматит. Дифференцировать патологию может дерматолог после проведения кожных проб и других диагностических исследований. Аллергический контактный дерматит встречается реже и вызвать его могут косметические средства, медикаменты, бытовые химические составы. Многие привычные вещества, которые входят в состав продуктов питания или используются при создании одежды, красок и лаков, вызывают у людей аллергическую реакцию. Контактный дерматит может быть спровоцирован и некоторыми лекарственными растениями: воспаление нередко вызывают борщевик, примула, полынь.	Peredelskaya2.jpg	2025-02-13 17:53:23.245348+00
27	Рубромикоз	рубромикоз	Рубромикоз — микотическое заболевание кожных покровов, возбудителем которого считается Trichophyton rubrum. Его высокая ферментативная активность поражает кожу стоп, а иногда и поверхность в складках. Значительно реже происходит поражение пушковых и длинных волос. Существует несколько разновидностей рубромикоза: пушистый, гипсовидный, бархатный. Наиболее агрессивным является гипсовидный. Он обычно поражает стопы. шелушение	e62227ae4402fbe1cae0791959e265a5_800xauto-q-85.jpg	2025-02-12 13:40:12.80402+00
40	Чесотка	чесотка	Чесотка — это паразитарная инвазия, вызванная микроскопическими клещами, которые проникают в кожу и откладывают яйца, вызывая сильный зуд и сыпь. Чесотка может приводить к развитию кожных язв и более тяжелых осложнений, таких как сепсис (инфекция кровотока), болезни сердца и заболевания почек. Лечится с помощью кремов или пероральных препаратов. Чесотка заразна и распространяется при контакте «кожа-к-коже». Она распространена во всем мире, но наиболее широко — в тропических районах с низким уровнем дохода. Наиболее подверженные риску заражения группы населения — дети раннего возраста и пожилые люди в сообществах с ограниченными ресурсами. Чесотка является одним из наиболее распространенных кожных заболеваний, и в развивающихся странах на нее приходится значительная доля кожных болезней. Предположительно, более 200 миллионов человек в мире заражены чесоткой в любой момент времени и ежегодно ей заражается в общей сложности 400 миллионов человек. Случаи чесотки отмечаются во всех странах мира, но наиболее широко она распространена во многих тропических районах с ограниченными ресурсами, особенно среди детей и пожилых людей.	images.jpg	2025-02-13 18:35:40.321958+00
41	Кератоз	кератоз	Кератозы (кератодермии, кератодерматозы) — группа дерматологических патологий, характеризующихся нарушением нормального процесса ороговения эпидермиса. Страдающий от заболевания пациент сталкивается с формированием очагов огрубевшей кожи на теле и конечностях. Часто зоны дерматоза появляются на ладонях и подошвах — относительно крупных участках дермы, лишенных сальных желез. Клиническая картина патологии зависит от формы кератодермии, развившейся у ребенка или взрослого. Кератодермии могут протекать в острой или хронической формах. На основании гистологических анализов биоматериалов детей и взрослых врачи определяют характер дерматозов, относя их к приобретенным или наследственным патологиям. Заболевание, затрагивающее кожные покровы пациента, не обладает выраженной сезонностью. Существенное влияние на вероятность развития патологического процесса в клетках эпидермиса оказывают раса, пол, возраст и регион проживания человека. Причины развития кератодермий многообразны. Патология способна развиваться на фоне эндокринных нарушений, вирусных или бактериальных инфекций, злокачественных новообразований. Существенное влияние на состояние кожных покровов детей и взрослых оказывает избыточная инсоляция. Часто патологические процессы становятся следствием недостаточно разнообразного рациона пациента.	keratosis.jpg	2025-02-13 18:35:40.381909+00
31	Эритема	эритема	Эритема – это специфическое покраснение кожи или слизистой оболочки, либо сыпь на определенном участке тела, которые провоцируются сильным приливом крови к капиллярным сосудам. Этот симптом возникает как при психоэмоциональных состояниях здорового человека, так и в результате различных проблем со здоровьем. Внешние признаки эритемы зависят от фактора, который спровоцировал ее появление. Как правило, это одно или несколько пятен на коже красного или ярко-розового цвета с четкими либо размытыми границами. Эритема может сопровождаться отеком, шелушением, зудом, папулами, припухлостями или волдырями.	Мигрирующая.jpg	2025-02-13 17:53:23.339599+00
30	Витилиго	витилиго	Витилиго – это патология, которая характеризуется обесцвечиванием эпидермиса. На коже появляются светлые пятна (обычно неправильной, произвольной формы), которые остаются такими навсегда и не восстанавливают свой цвет. Чем темнее кожа, тем заметнее эффект. Локализуется витилиго на любых местах – на руках, ногах, туловище, лице, волосистой части головы и даже во рту. Причем предсказать локализацию невозможно – цвет кожных покровов теряется без какой-либо логики. Чаще всего первые признаки заболевания проявляются в возрасте до 20 лет. Причем болезнь витилиго сразу начинается в тех местах, которые больше контактируют с солнцем – на руках, лице, ногах. Пятна могут располагаться симметрично, захватывая большие участки тела, но могут появляться и только на одной стороне тела либо захватывать относительно небольшой участок. Нередко пятна прогрессируют в течение относительно короткого времени (год или два), а затем прекращают свой рост. В начале болезни витилиго очень трудно сказать, какое количество тканей будет поражено, остановится ли она на определенном уровне. Чаще всего встречаются случаи, когда пятна постепенно разрастаются, захватывают все больше кожных покровов.	витилиго.png	2025-02-13 17:53:23.314365+00
29	Розацеа	розацеа	Розацеа (розовые угри) – это хроническое многофакторное заболевание кожи, при котором в патологический процесс вовлекается центральная часть лица. Очаги кожного поражения соответствуют области иннервации тройничного нерва. Патология встречается в разных уголках земного шара, однако наибольшая заболеваемость регистрируется у светлокожих европейцев датского, эстонского, финского и шведского происхождения. Поэтому историческим названием заболевания считается термин «приливы кельтов». Общемировая распространенность розацеа составляет 10%, при этом частота встречаемости в России составляет 5%. У людей с первым и вторым фототипом дермы по Фицпатрику повышен риск развития розацеа. В свою очередь у темнокожых людей (азиаты, африканцы) отмечается наименьшая предрасположенность к заболеванию. Этот факт демонстрирует тесную корреляцию между уровнем меланиновой протекции и уязвимостью дермы. Женщины в 2 раза чаще сталкиваются с розацеа в сравнении с мужчинами. Однако если заболевание развивается у представителей мужской половины Земли, то оно более часто характеризуется тяжелым течением. Заболевание обычно поражает людей старше 30 лет.	rozacea2.jpg	2025-02-13 17:53:23.284026+00
33	Импетиго	импетиго	Импетиго (по МКБ код L01) - это группа инфекционных болезней кожи, при которых формируются гнойничковые образования. Основными проявлениями нарушения являются эритемы, провоцирующие формирование везикул, в составе которых серозно-гнойная составляющая. Последующим этапом недуга являются корочки медово-желтого оттенка, которые в дальнейшем должны отпасть, а на их месте появится слегка заметная гиперпигментация. Импетиго относится к очень заразным поражениям, которые передаются от человека к человеку. Возбудителями инфекции являются стрептококки и стафилококки. Поверхностное поражение кожи имеет множество форм и соответствующих проявлений. В регионах, где влажно и тепло, наиболее часто выявляют импетиго стрептококкового происхождения. Пик заболеваемости приходится на последнюю часть летнего сезона. Болезнь, вызванная стафилококками, обладает повышенной патогенностью, а возбудитель длительный период находится на кожных покровах в латентной форме, не вызывая симптоматики. Такая форма поражения может активно распространяться среди членов одной семьи, одного трудового коллектива. Нередки случаи, когда кожная аномалия поражает большие коллективы, вызывая эпидемиологическую вспышку. По статистике, импетиго поражает как детей, так и взрослых.	импетиго.jpg	2025-02-13 17:53:23.425735+00
34	Дерматомикоз (грибковая инфекция)	дерматомикоз-(грибковая-инфекция)	Дерматомикоз — это инфекционное заболевание кожи и ее придатков, которое вызвано различными патогенными, условно-патогенными грибками. К типичным возбудителя относятся Trichophyton, Microsporum, Epidermophyton. По клинике дерматомикозы разделяются на микозы гладкой кожи, кожных складок, волосистой части головы, кистей и стоп. Также к этой категории принадлежат онихомикозы (грибковые инфекции ногтей). Для диагностики заболевания требуется микроскопия, бакпосев соскоба патологического очага. Лечение включает местные и системные антимикотики, кератолитики, антигистаминные средства, по показаниям назначается физиотерапия, оперативное вмешательство. Распространенность дерматомикозов в популяции, по различным оценкам, составляет 20-30%, причем частота заболевания увеличивается с возрастом — среди людей старше 70 лет грибковые инфекции встречаются у каждого второго. Чаще всего поражение протекает по типу микоза стоп с присоединением онихомикоза. В последние годы наметилась тенденция к росту числа микозов не только среди взрослых, но и у детей. Учитывая сложность подбора лечения, позднюю обращаемость пациентов, эти болезни являются одними из наиболее актуальных в практической дерматологии. Возбудителями выступают грибы-дерматофиты, к которым относятся представители родов Trichophyton, Microsporum, Epidermophyton. Самые распространенные патогены ‒ T. rubrum, T. mentagrophytes, Epidermophyton floccosum.	7985e9d1f4b4468387cc9928d9a3f4d9_2066502701904.jpg	2025-02-13 17:53:23.452206+00
32	Экзема	экзема	Экзема – это хроническое воспалительное кожное заболевание, сопровождающееся зудом, покраснением и высыпаниями в виде маленьких пузырьков с жидкостью. Высыпания напоминают пузырьки воздуха, образующиеся при закипании воды. Отсюда и название заболевания (с греч. eczeo - вскипать). Экзема не передается от человека к человеку. Это генетически обусловленное заболевание. Экзема встречается достаточно часто, она диагностируется примерно у 30-40% пациентов, обращающихся на прием к врачу-дерматологу. Мокнущая и зудящая кожа на лице и руках. Высыпания на коже в виде пузырьков и бугорков, сопровождающиеся покраснением, могут быть проявлениями истинной экземы. Впоследствии пузырьки вскрываются с выделением серозной жидкости, на их месте образуются неглубокие точечные эрозии (язвочки). Выделившаяся жидкость подсыхает с образованием мягкой корочки. Появление повторных высыпаний в области патологического очага приводит к одновременной локализации на коже и везикул, и язвочек, и корок. Все высыпания сопровождаются сильным зудом, который причиняет значительный дискомфорт пациенту и снижает качество жизни. Иногда ночной зуд становится причиной бессонницы.	suhaya.jpg	2025-02-13 17:53:23.380038+00
39	Бородавки	бородавки	Бородавка – доброкачественное кожное новообразование вирусной природы. Вызывается фильтрующимся дерматотропным вирусом. Бородавки относятся к типичным клиническим проявлениям папилломавирус-ассоциированной инфекции. А что значат бородавки с гистологической точки зрения? Тканевое строение этих патологических образований характеризуется разрастанием эпидермального (поверхностного) слоя с дисфункцией процесса ороговения, нарушением структуры клеток и разрастанием сосочкового слоя дермы. Однако не у всех пациентов с папилломавирусной инфекцией появляются бородавки. Развитию заболевания способствуют травматизация кожи, сухость кожных покровов и дисфункция вегетативной нервной системы. Различают несколько разновидностей бородавок: обыкновенные или вульгарные, плоские или юношеские, подошвенные, аногенитальные, нитевидные и остроконечные. На фоне длительного присутствия вируса папилломы человека в организме развивается иммунодефицитное состояние, связанное с недостаточностью как клеточного, так и гуморального звена. Поэтому нередко в программу комплексного лечения включаются иммуномодуляторы. За счет иммуносупрессии бородавки могут повышать онкологические риски.	67267e9420a52e0418ea36707556bd6a.jpg	2025-02-13 18:35:40.269947+00
42	Фурункулез	фурункулез	Фурункулез – это множественное воспаление волосяных фолликулов, которые поражаются на ограниченных участках кожного покрова. Заболевание может иметь диссеминированный характер, вовлекая сразу несколько анатомических областей. В народе воспаленный фурункул называется чирей. Этиология и патогенез фурункулеза в большинстве случаев связан с активацией стафилококковой флоры, которая постоянно обитает на кожных покровах человека. Однако патогенной становится только при снижении иммунитета, в т.ч. при беременности, а также при снижении естественной резистентности кожи. Диагностика заболевания проводится на основании дерматоскопического осмотра. Дополнительные обследования назначаются для установления причины развития заболевания и подбора наиболее рациональной терапии. На начальной стадии лечение заболевания проводится с помощью медикаментозных препаратов. При развитии кожных абсцессов решается вопрос об их хирургическом вскрытии. Согласно современным рекомендациям, вскрытие проводится малоинвазивными методами (лазерная деструкция, электрокоагуляция и т.д.). Рротиворецидивное лечение может проводится в течение нескольких месяцев.	Lechenie.jpg	2025-02-13 18:35:40.411205+00
36	Склеродермия	склеродермия	Термин склеродермия используется с 1847 года, дословно переводится как «твердая кожа». Патология относится к системным поражениям соединительной ткани. Распространенность составляет около 250 случаев на миллион населения. Чаще болезнь диагностируется у женщин старше 55 лет (около 75% случаев). Очень редко болезнь диагностируют у новорожденных. На данный момент конкретные причины, запускающие развитие склеродермии, установить не удалось. Считается, что болезнь порождают множественные неблагоприятные факторы. Они могут оказывать влияние как извне, так и изнутри организма, изменяя работу иммунитета. Это приводит к образованию аутоантител, атакующих соединительнотканные клетки, а также внутреннюю выстилку сосудов. Наиболее значимой предпосылкой для заболевания считается генетическая предрасположенность. Склеродермия может быть семейным заболеванием. Причиной считается нестабильность определенных хромосом, которые отвечают за выработку антител к соединительной и сосудистой ткани. Воздействие физических факторов и химических веществ также могут провоцировать заболевания соединительной ткани. К склеродермии предрасполагает частое воздействие вибрации и низких температур. В зоне риска оказываются лица, занятые на вредных производствах. При наличии генетической предрасположенности «пусковым» моментом может стать использование бытовой химии с агрессивными компонентами.	Склеродермия.jpg	2025-02-13 17:53:23.556876+00
35	Желтуха (кожные проявления)	желтуха-(кожные-проявления)	Желтуха (иктерус) у взрослых – это не самостоятельная болезнь, а целый симптомокомплекс, который характеризуется пожелтением кожного покрова и слизистых оболочек пациента. Она свидетельствует о повышении концентрации в крови билирубина (желчного пигмента). Накапливаясь в чрезмерном количестве, он откладывается в эпидермисе, что сопровождается появлением характерных визуальных симптомов. Патология в большинстве случаев встречается при заболеваниях гепатобилиарной системы. Однако пожелтение кожи возможно также при гематологических проблемах и/или инфекционных болезнях с поражением печени. Желтуха имеет характерные симптомы в виде пожелтевших склер глаз, кожи лица, тела, включая слизистые оболочки. Иногда заболевание ставят в один ряд с вирусными гепатитами, что не совсем верно. Патогенез может быть разным, определяя в итоге тип диагноза и выбор тактики лечения.	2_3602.jpg	2025-02-13 17:53:23.508047+00
37	Эритромелалгия	эритромелалгия	Эритромелалгия — это хронический ангиотрофоневроз, проявляющийся пароксизмами локальной жгучей боли с отеком и резким покраснением кожи. Как правило, возникает в стопах, реже в кистях, области ушных раковин, носа. Может иметь первичный и вторичный характер. Патология диагностируется по типичной клинике приступа. Дополнительно проводятся лабораторные анализы, рентгенография, термография, КТ, МРТ, электрофизиологические исследования. Комплексная терапия включает сосудосуживающие, антигистаминные, противовоспалительные медикаменты, иглоукалывание и физиотерапию.  Впервые заболевание было описано Н.И. Пироговым в 1855 г. в результате наблюдений за перенёсшими ранения солдатами. Тогда приступам эритромелалгии было дано название «посттравматическая гиперестезия». Спустя десятилетие хирург Митчелл, наблюдая за пострадавшими в ходе войны в США, выявил у некоторых аналогичные симптомы. Им и был введён термин «эритромелалгия», который оказался более удачным и до сих пор используется клиницистами. Действительно, название вмещает всю суть ярких клинических проявлений заболевания. В переводе с латыни: «эритрос» — «красный», «мелос» — «конечность», «альгос» — «боль». В литературных источниках иногда упоминается как болезнь Митчелла. Патология принадлежит к числу редких. Наряду с болезнью Рейно относится к ангиотрофоневрозам — расстройствам периферического кровообращения, связанным с нарушением иннервации сосудов. Как правило, носит локальный характер с вовлечением одной или обеих стоп. Возможно поражение кистей. Встречается чаще у лиц 30-50 лет, у детей — в единичных случаях. Заболеваемость не имеет гендерных различий.	Frame_1058-3.png	2025-02-13 17:53:23.592838+00
43	Каротинемия	каротинемия	Каротинемия – термин, используемый для описания повышения уровня бета-каротина в крови и желтая пигментация кожи. Избыток каротина в коже следует называть каротинодермой. В большинстве случаев каротинемия возникает после длительного и чрезмерного потребления продуктов, богатых каротином, таких как морковь, тыква и сладкий картофель. Это частое явление у детей. Каротинемия обычно безвредна, но может привести к ошибочному диагнозу желтухи.	k1yK_jiFPW0.jpg	2025-02-13 20:04:51.817293+00
44	Фолликулит	фолликулит	Фолликулит — инфекционный процесс, развивающийся в средних и глубоких отделах волосяных фолликулов человека. Патология сопровождается образованием множественных пустул с гнойным содержимым. Возбудителем заболевания могу стать бактерии, вирусы, грибки и паразиты. По мере развития инфекции количество пустул на коже пациента увеличивается. При вскрытии первичного очага образуются язвы, при их заживлении — мелкие рубцы. Патология широко распространена среди жителей стран с высокой влажностью и температурой воздуха. Подобные климатические условия способствуют распространению инфекционных поражений волосяных фолликулов. Группа риска представлена социально неблагополучными слоями населения: несоблюдение человеком правил личной гигиены приводит к активному размножению патогенов на кожных покровах. Часто причинами фолликулита становятся поверхностные воспаления фолликулов — остиофолликулиты. Распространение инфекции в нижние отделы фолликула приводит к образованию гнойных пустул. В 70% случаев воспаление волосяных луковиц развивается под действием стафилококков и стрептококков. Несколько реже причинами заболевания становятся псевдомонады, возбудители сифилиса и гонореи или грибы вида Candida.	58f63984bb44b5774a5438316aa0be61.jpg	2025-02-13 20:04:51.851228+00
\.


--
-- Data for Name: taggit_tag; Type: TABLE DATA; Schema: public; Owner: postgres
--

COPY public.taggit_tag (id, name, slug) FROM stdin;
3	Бледность	бледность
4	Покраснение	покраснение
5	Пятна	пятна
6	Сыпь	сыпь
7	Зуд	зуд
8	Желтизна	желтизна
9	Прыщи	прыщи
10	Боль	боль
11	Шелушение	шелушение
12	Сухость	сухость
\.


--
-- Data for Name: taggit_taggeditem; Type: TABLE DATA; Schema: public; Owner: postgres
--

COPY public.taggit_taggeditem (id, object_id, content_type_id, tag_id) FROM stdin;
7	4	9	4
8	4	9	7
9	4	9	9
10	5	9	5
11	5	9	4
12	5	9	7
13	5	9	11
14	6	9	9
15	6	9	7
16	6	9	10
17	6	9	11
18	7	9	4
19	7	9	6
20	7	9	11
21	7	9	5
22	7	9	7
23	8	9	7
24	8	9	6
25	8	9	4
26	8	9	11
27	9	9	6
28	9	9	7
30	9	9	11
31	10	9	11
32	10	9	3
33	10	9	8
34	26	9	9
35	26	9	3
36	27	9	11
37	27	9	4
38	10	9	12
39	10	9	10
40	28	9	4
41	28	9	7
42	28	9	6
43	29	9	12
44	29	9	4
45	29	9	9
46	30	9	3
47	30	9	12
48	31	9	4
49	31	9	5
50	31	9	7
51	31	9	10
52	32	9	7
53	32	9	4
54	32	9	6
55	32	9	12
56	32	9	11
57	33	9	5
58	33	9	10
59	33	9	7
60	34	9	11
61	34	9	7
62	34	9	5
63	34	9	10
64	35	9	8
65	35	9	12
66	35	9	7
67	36	9	3
68	36	9	10
69	36	9	12
70	37	9	4
71	37	9	3
72	37	9	10
73	37	9	12
78	39	9	10
79	39	9	3
80	39	9	11
81	40	9	7
82	40	9	6
83	40	9	10
84	40	9	4
85	40	9	5
86	41	9	5
87	41	9	11
88	41	9	12
89	42	9	10
90	42	9	9
91	42	9	7
92	43	9	8
93	44	9	7
94	44	9	9
95	44	9	4
96	44	9	10
\.


--
-- Name: auth_group_id_seq; Type: SEQUENCE SET; Schema: public; Owner: postgres
--

SELECT pg_catalog.setval('public.auth_group_id_seq', 1, false);


--
-- Name: auth_group_permissions_id_seq; Type: SEQUENCE SET; Schema: public; Owner: postgres
--

SELECT pg_catalog.setval('public.auth_group_permissions_id_seq', 1, false);


--
-- Name: auth_permission_id_seq; Type: SEQUENCE SET; Schema: public; Owner: postgres
--

SELECT pg_catalog.setval('public.auth_permission_id_seq', 36, true);


--
-- Name: auth_user_groups_id_seq; Type: SEQUENCE SET; Schema: public; Owner: postgres
--

SELECT pg_catalog.setval('public.auth_user_groups_id_seq', 1, false);


--
-- Name: auth_user_id_seq; Type: SEQUENCE SET; Schema: public; Owner: postgres
--

SELECT pg_catalog.setval('public.auth_user_id_seq', 1, true);


--
-- Name: auth_user_user_permissions_id_seq; Type: SEQUENCE SET; Schema: public; Owner: postgres
--

SELECT pg_catalog.setval('public.auth_user_user_permissions_id_seq', 1, false);


--
-- Name: django_admin_log_id_seq; Type: SEQUENCE SET; Schema: public; Owner: postgres
--

SELECT pg_catalog.setval('public.django_admin_log_id_seq', 50, true);


--
-- Name: django_content_type_id_seq; Type: SEQUENCE SET; Schema: public; Owner: postgres
--

SELECT pg_catalog.setval('public.django_content_type_id_seq', 9, true);


--
-- Name: django_migrations_id_seq; Type: SEQUENCE SET; Schema: public; Owner: postgres
--

SELECT pg_catalog.setval('public.django_migrations_id_seq', 27, true);


--
-- Name: main_app_disease_id_seq; Type: SEQUENCE SET; Schema: public; Owner: postgres
--

SELECT pg_catalog.setval('public.main_app_disease_id_seq', 44, true);


--
-- Name: taggit_tag_id_seq; Type: SEQUENCE SET; Schema: public; Owner: postgres
--

SELECT pg_catalog.setval('public.taggit_tag_id_seq', 12, true);


--
-- Name: taggit_taggeditem_id_seq; Type: SEQUENCE SET; Schema: public; Owner: postgres
--

SELECT pg_catalog.setval('public.taggit_taggeditem_id_seq', 96, true);


--
-- Name: auth_group auth_group_name_key; Type: CONSTRAINT; Schema: public; Owner: postgres
--

ALTER TABLE ONLY public.auth_group
    ADD CONSTRAINT auth_group_name_key UNIQUE (name);


--
-- Name: auth_group_permissions auth_group_permissions_group_id_permission_id_0cd325b0_uniq; Type: CONSTRAINT; Schema: public; Owner: postgres
--

ALTER TABLE ONLY public.auth_group_permissions
    ADD CONSTRAINT auth_group_permissions_group_id_permission_id_0cd325b0_uniq UNIQUE (group_id, permission_id);


--
-- Name: auth_group_permissions auth_group_permissions_pkey; Type: CONSTRAINT; Schema: public; Owner: postgres
--

ALTER TABLE ONLY public.auth_group_permissions
    ADD CONSTRAINT auth_group_permissions_pkey PRIMARY KEY (id);


--
-- Name: auth_group auth_group_pkey; Type: CONSTRAINT; Schema: public; Owner: postgres
--

ALTER TABLE ONLY public.auth_group
    ADD CONSTRAINT auth_group_pkey PRIMARY KEY (id);


--
-- Name: auth_permission auth_permission_content_type_id_codename_01ab375a_uniq; Type: CONSTRAINT; Schema: public; Owner: postgres
--

ALTER TABLE ONLY public.auth_permission
    ADD CONSTRAINT auth_permission_content_type_id_codename_01ab375a_uniq UNIQUE (content_type_id, codename);


--
-- Name: auth_permission auth_permission_pkey; Type: CONSTRAINT; Schema: public; Owner: postgres
--

ALTER TABLE ONLY public.auth_permission
    ADD CONSTRAINT auth_permission_pkey PRIMARY KEY (id);


--
-- Name: auth_user_groups auth_user_groups_pkey; Type: CONSTRAINT; Schema: public; Owner: postgres
--

ALTER TABLE ONLY public.auth_user_groups
    ADD CONSTRAINT auth_user_groups_pkey PRIMARY KEY (id);


--
-- Name: auth_user_groups auth_user_groups_user_id_group_id_94350c0c_uniq; Type: CONSTRAINT; Schema: public; Owner: postgres
--

ALTER TABLE ONLY public.auth_user_groups
    ADD CONSTRAINT auth_user_groups_user_id_group_id_94350c0c_uniq UNIQUE (user_id, group_id);


--
-- Name: auth_user auth_user_pkey; Type: CONSTRAINT; Schema: public; Owner: postgres
--

ALTER TABLE ONLY public.auth_user
    ADD CONSTRAINT auth_user_pkey PRIMARY KEY (id);


--
-- Name: auth_user_user_permissions auth_user_user_permissions_pkey; Type: CONSTRAINT; Schema: public; Owner: postgres
--

ALTER TABLE ONLY public.auth_user_user_permissions
    ADD CONSTRAINT auth_user_user_permissions_pkey PRIMARY KEY (id);


--
-- Name: auth_user_user_permissions auth_user_user_permissions_user_id_permission_id_14a6b632_uniq; Type: CONSTRAINT; Schema: public; Owner: postgres
--

ALTER TABLE ONLY public.auth_user_user_permissions
    ADD CONSTRAINT auth_user_user_permissions_user_id_permission_id_14a6b632_uniq UNIQUE (user_id, permission_id);


--
-- Name: auth_user auth_user_username_key; Type: CONSTRAINT; Schema: public; Owner: postgres
--

ALTER TABLE ONLY public.auth_user
    ADD CONSTRAINT auth_user_username_key UNIQUE (username);


--
-- Name: django_admin_log django_admin_log_pkey; Type: CONSTRAINT; Schema: public; Owner: postgres
--

ALTER TABLE ONLY public.django_admin_log
    ADD CONSTRAINT django_admin_log_pkey PRIMARY KEY (id);


--
-- Name: django_content_type django_content_type_app_label_model_76bd3d3b_uniq; Type: CONSTRAINT; Schema: public; Owner: postgres
--

ALTER TABLE ONLY public.django_content_type
    ADD CONSTRAINT django_content_type_app_label_model_76bd3d3b_uniq UNIQUE (app_label, model);


--
-- Name: django_content_type django_content_type_pkey; Type: CONSTRAINT; Schema: public; Owner: postgres
--

ALTER TABLE ONLY public.django_content_type
    ADD CONSTRAINT django_content_type_pkey PRIMARY KEY (id);


--
-- Name: django_migrations django_migrations_pkey; Type: CONSTRAINT; Schema: public; Owner: postgres
--

ALTER TABLE ONLY public.django_migrations
    ADD CONSTRAINT django_migrations_pkey PRIMARY KEY (id);


--
-- Name: django_session django_session_pkey; Type: CONSTRAINT; Schema: public; Owner: postgres
--

ALTER TABLE ONLY public.django_session
    ADD CONSTRAINT django_session_pkey PRIMARY KEY (session_key);


--
-- Name: main_app_disease main_app_disease_pkey; Type: CONSTRAINT; Schema: public; Owner: postgres
--

ALTER TABLE ONLY public.main_app_disease
    ADD CONSTRAINT main_app_disease_pkey PRIMARY KEY (id);


--
-- Name: main_app_disease main_app_disease_slug_key; Type: CONSTRAINT; Schema: public; Owner: postgres
--

ALTER TABLE ONLY public.main_app_disease
    ADD CONSTRAINT main_app_disease_slug_key UNIQUE (slug);


--
-- Name: taggit_tag taggit_tag_name_key; Type: CONSTRAINT; Schema: public; Owner: postgres
--

ALTER TABLE ONLY public.taggit_tag
    ADD CONSTRAINT taggit_tag_name_key UNIQUE (name);


--
-- Name: taggit_tag taggit_tag_pkey; Type: CONSTRAINT; Schema: public; Owner: postgres
--

ALTER TABLE ONLY public.taggit_tag
    ADD CONSTRAINT taggit_tag_pkey PRIMARY KEY (id);


--
-- Name: taggit_tag taggit_tag_slug_key; Type: CONSTRAINT; Schema: public; Owner: postgres
--

ALTER TABLE ONLY public.taggit_tag
    ADD CONSTRAINT taggit_tag_slug_key UNIQUE (slug);


--
-- Name: taggit_taggeditem taggit_taggeditem_content_type_id_object_id_tag_id_4bb97a8e_uni; Type: CONSTRAINT; Schema: public; Owner: postgres
--

ALTER TABLE ONLY public.taggit_taggeditem
    ADD CONSTRAINT taggit_taggeditem_content_type_id_object_id_tag_id_4bb97a8e_uni UNIQUE (content_type_id, object_id, tag_id);


--
-- Name: taggit_taggeditem taggit_taggeditem_pkey; Type: CONSTRAINT; Schema: public; Owner: postgres
--

ALTER TABLE ONLY public.taggit_taggeditem
    ADD CONSTRAINT taggit_taggeditem_pkey PRIMARY KEY (id);


--
-- Name: auth_group_name_a6ea08ec_like; Type: INDEX; Schema: public; Owner: postgres
--

CREATE INDEX auth_group_name_a6ea08ec_like ON public.auth_group USING btree (name varchar_pattern_ops);


--
-- Name: auth_group_permissions_group_id_b120cbf9; Type: INDEX; Schema: public; Owner: postgres
--

CREATE INDEX auth_group_permissions_group_id_b120cbf9 ON public.auth_group_permissions USING btree (group_id);


--
-- Name: auth_group_permissions_permission_id_84c5c92e; Type: INDEX; Schema: public; Owner: postgres
--

CREATE INDEX auth_group_permissions_permission_id_84c5c92e ON public.auth_group_permissions USING btree (permission_id);


--
-- Name: auth_permission_content_type_id_2f476e4b; Type: INDEX; Schema: public; Owner: postgres
--

CREATE INDEX auth_permission_content_type_id_2f476e4b ON public.auth_permission USING btree (content_type_id);


--
-- Name: auth_user_groups_group_id_97559544; Type: INDEX; Schema: public; Owner: postgres
--

CREATE INDEX auth_user_groups_group_id_97559544 ON public.auth_user_groups USING btree (group_id);


--
-- Name: auth_user_groups_user_id_6a12ed8b; Type: INDEX; Schema: public; Owner: postgres
--

CREATE INDEX auth_user_groups_user_id_6a12ed8b ON public.auth_user_groups USING btree (user_id);


--
-- Name: auth_user_user_permissions_permission_id_1fbb5f2c; Type: INDEX; Schema: public; Owner: postgres
--

CREATE INDEX auth_user_user_permissions_permission_id_1fbb5f2c ON public.auth_user_user_permissions USING btree (permission_id);


--
-- Name: auth_user_user_permissions_user_id_a95ead1b; Type: INDEX; Schema: public; Owner: postgres
--

CREATE INDEX auth_user_user_permissions_user_id_a95ead1b ON public.auth_user_user_permissions USING btree (user_id);


--
-- Name: auth_user_username_6821ab7c_like; Type: INDEX; Schema: public; Owner: postgres
--

CREATE INDEX auth_user_username_6821ab7c_like ON public.auth_user USING btree (username varchar_pattern_ops);


--
-- Name: django_admin_log_content_type_id_c4bce8eb; Type: INDEX; Schema: public; Owner: postgres
--

CREATE INDEX django_admin_log_content_type_id_c4bce8eb ON public.django_admin_log USING btree (content_type_id);


--
-- Name: django_admin_log_user_id_c564eba6; Type: INDEX; Schema: public; Owner: postgres
--

CREATE INDEX django_admin_log_user_id_c564eba6 ON public.django_admin_log USING btree (user_id);


--
-- Name: django_session_expire_date_a5c62663; Type: INDEX; Schema: public; Owner: postgres
--

CREATE INDEX django_session_expire_date_a5c62663 ON public.django_session USING btree (expire_date);


--
-- Name: django_session_session_key_c0390e0f_like; Type: INDEX; Schema: public; Owner: postgres
--

CREATE INDEX django_session_session_key_c0390e0f_like ON public.django_session USING btree (session_key varchar_pattern_ops);


--
-- Name: main_app_disease_slug_a2947b4c_like; Type: INDEX; Schema: public; Owner: postgres
--

CREATE INDEX main_app_disease_slug_a2947b4c_like ON public.main_app_disease USING btree (slug varchar_pattern_ops);


--
-- Name: taggit_tag_name_58eb2ed9_like; Type: INDEX; Schema: public; Owner: postgres
--

CREATE INDEX taggit_tag_name_58eb2ed9_like ON public.taggit_tag USING btree (name varchar_pattern_ops);


--
-- Name: taggit_tag_slug_6be58b2c_like; Type: INDEX; Schema: public; Owner: postgres
--

CREATE INDEX taggit_tag_slug_6be58b2c_like ON public.taggit_tag USING btree (slug varchar_pattern_ops);


--
-- Name: taggit_tagg_content_8fc721_idx; Type: INDEX; Schema: public; Owner: postgres
--

CREATE INDEX taggit_tagg_content_8fc721_idx ON public.taggit_taggeditem USING btree (content_type_id, object_id);


--
-- Name: taggit_taggeditem_content_type_id_9957a03c; Type: INDEX; Schema: public; Owner: postgres
--

CREATE INDEX taggit_taggeditem_content_type_id_9957a03c ON public.taggit_taggeditem USING btree (content_type_id);


--
-- Name: taggit_taggeditem_object_id_e2d7d1df; Type: INDEX; Schema: public; Owner: postgres
--

CREATE INDEX taggit_taggeditem_object_id_e2d7d1df ON public.taggit_taggeditem USING btree (object_id);


--
-- Name: taggit_taggeditem_tag_id_f4f5b767; Type: INDEX; Schema: public; Owner: postgres
--

CREATE INDEX taggit_taggeditem_tag_id_f4f5b767 ON public.taggit_taggeditem USING btree (tag_id);


--
-- Name: auth_group_permissions auth_group_permissio_permission_id_84c5c92e_fk_auth_perm; Type: FK CONSTRAINT; Schema: public; Owner: postgres
--

ALTER TABLE ONLY public.auth_group_permissions
    ADD CONSTRAINT auth_group_permissio_permission_id_84c5c92e_fk_auth_perm FOREIGN KEY (permission_id) REFERENCES public.auth_permission(id) DEFERRABLE INITIALLY DEFERRED;


--
-- Name: auth_group_permissions auth_group_permissions_group_id_b120cbf9_fk_auth_group_id; Type: FK CONSTRAINT; Schema: public; Owner: postgres
--

ALTER TABLE ONLY public.auth_group_permissions
    ADD CONSTRAINT auth_group_permissions_group_id_b120cbf9_fk_auth_group_id FOREIGN KEY (group_id) REFERENCES public.auth_group(id) DEFERRABLE INITIALLY DEFERRED;


--
-- Name: auth_permission auth_permission_content_type_id_2f476e4b_fk_django_co; Type: FK CONSTRAINT; Schema: public; Owner: postgres
--

ALTER TABLE ONLY public.auth_permission
    ADD CONSTRAINT auth_permission_content_type_id_2f476e4b_fk_django_co FOREIGN KEY (content_type_id) REFERENCES public.django_content_type(id) DEFERRABLE INITIALLY DEFERRED;


--
-- Name: auth_user_groups auth_user_groups_group_id_97559544_fk_auth_group_id; Type: FK CONSTRAINT; Schema: public; Owner: postgres
--

ALTER TABLE ONLY public.auth_user_groups
    ADD CONSTRAINT auth_user_groups_group_id_97559544_fk_auth_group_id FOREIGN KEY (group_id) REFERENCES public.auth_group(id) DEFERRABLE INITIALLY DEFERRED;


--
-- Name: auth_user_groups auth_user_groups_user_id_6a12ed8b_fk_auth_user_id; Type: FK CONSTRAINT; Schema: public; Owner: postgres
--

ALTER TABLE ONLY public.auth_user_groups
    ADD CONSTRAINT auth_user_groups_user_id_6a12ed8b_fk_auth_user_id FOREIGN KEY (user_id) REFERENCES public.auth_user(id) DEFERRABLE INITIALLY DEFERRED;


--
-- Name: auth_user_user_permissions auth_user_user_permi_permission_id_1fbb5f2c_fk_auth_perm; Type: FK CONSTRAINT; Schema: public; Owner: postgres
--

ALTER TABLE ONLY public.auth_user_user_permissions
    ADD CONSTRAINT auth_user_user_permi_permission_id_1fbb5f2c_fk_auth_perm FOREIGN KEY (permission_id) REFERENCES public.auth_permission(id) DEFERRABLE INITIALLY DEFERRED;


--
-- Name: auth_user_user_permissions auth_user_user_permissions_user_id_a95ead1b_fk_auth_user_id; Type: FK CONSTRAINT; Schema: public; Owner: postgres
--

ALTER TABLE ONLY public.auth_user_user_permissions
    ADD CONSTRAINT auth_user_user_permissions_user_id_a95ead1b_fk_auth_user_id FOREIGN KEY (user_id) REFERENCES public.auth_user(id) DEFERRABLE INITIALLY DEFERRED;


--
-- Name: django_admin_log django_admin_log_content_type_id_c4bce8eb_fk_django_co; Type: FK CONSTRAINT; Schema: public; Owner: postgres
--

ALTER TABLE ONLY public.django_admin_log
    ADD CONSTRAINT django_admin_log_content_type_id_c4bce8eb_fk_django_co FOREIGN KEY (content_type_id) REFERENCES public.django_content_type(id) DEFERRABLE INITIALLY DEFERRED;


--
-- Name: django_admin_log django_admin_log_user_id_c564eba6_fk_auth_user_id; Type: FK CONSTRAINT; Schema: public; Owner: postgres
--

ALTER TABLE ONLY public.django_admin_log
    ADD CONSTRAINT django_admin_log_user_id_c564eba6_fk_auth_user_id FOREIGN KEY (user_id) REFERENCES public.auth_user(id) DEFERRABLE INITIALLY DEFERRED;


--
-- Name: taggit_taggeditem taggit_taggeditem_content_type_id_9957a03c_fk_django_co; Type: FK CONSTRAINT; Schema: public; Owner: postgres
--

ALTER TABLE ONLY public.taggit_taggeditem
    ADD CONSTRAINT taggit_taggeditem_content_type_id_9957a03c_fk_django_co FOREIGN KEY (content_type_id) REFERENCES public.django_content_type(id) DEFERRABLE INITIALLY DEFERRED;


--
-- Name: taggit_taggeditem taggit_taggeditem_tag_id_f4f5b767_fk_taggit_tag_id; Type: FK CONSTRAINT; Schema: public; Owner: postgres
--

ALTER TABLE ONLY public.taggit_taggeditem
    ADD CONSTRAINT taggit_taggeditem_tag_id_f4f5b767_fk_taggit_tag_id FOREIGN KEY (tag_id) REFERENCES public.taggit_tag(id) DEFERRABLE INITIALLY DEFERRED;


--
-- PostgreSQL database dump complete
--

